topic,prob_top1,margin,DOC_ID,ano,titulo,orientador
4,0.6588886976242065,0.3198428153991699,0,2024,AGENDEVC: um sistema de agendamento para prestadores e consumidores de serviços diversos.,"MASSONI, Tiago Lima."
4,0.9980894327163696,0.9974066137801856,1,2024,"Análise de técnicas de explicabilidade em redes neurais convolucionais para diagnóstico de glaucoma, retinopatia diabética e catarata.","GOMES, Herman Martins."
4,0.9972432851791382,0.9962580724386498,2,2024,O impacto do uso de tags de rastreamento na performance de um E-commerce.,"MONGIOVI, Melina."
1,0.5335009098052979,0.06886979937553406,3,2024,O impacto das ferramentas baseadas em IA Generativa no mercado de desenvolvimento de software: uma avaliação com profissionais do setor.,"CAMPELO, Claudio Elízio Calazans."
0,0.996772825717926,0.9957386003807187,4,2024,Soft Skills no desenvolvimento de software: identificação e relevância em diferentes etapas do Scrum.,"ALMEIDA, Hyggo Oliveira de."
0,0.7438004016876221,0.4896165132522583,5,2024,Hora do fuxico.,"GARCIA, Francilene Procópio."
4,0.35850799083709717,0.01565694808959961,6,2024,Evaluating the effect of retrieval augmented generation in Mistral-7b-Instruct-v0.2’s clojure’s code review.,"MONTEIRO, João Arthur Brunet."
2,0.6597484946250916,0.32080191373825073,7,2024,Promovendo a inclusão educacional: uma plataforma Web acessível para apoio a estudantes da UFCG.,"ARAÚJO, Joseana Macêdo Fechine Régis de."
2,0.9981691241264343,0.9975527080823667,8,2024,Reestruturação da ferramenta do ComPensar.,"CAMPOS, Lívia Maria Rodrigues Sampaio."
0,0.9946350455284119,0.9929157302249223,9,2024,Desenvolvimento do Microgram: um aplicativo para uso do telegram em relógios com Wear OS.,"MONGIOVI, Melina."
3,0.9971728324890137,0.9962858981452882,10,2024,Análise do uso de transformers na predição de séries temporais Campina Grande – PB.,"MORAIS, Fábio Jorge Almeida."
4,0.9971990585327148,0.9961980616208166,11,2024,Interpretabilidade de redes neurais convolucionais aplicadas a imagens de ressonância magnética.,"GOMES, Herman Martins."
4,0.996459424495697,0.9951940946048126,12,2024,Aplicativo para gerência de transporte escolar para cidades de pequeno porte.,"ARAÚJO, Eliane Cristina de."
3,0.9970899224281311,0.9961769796791486,13,2024,Otimizando testes de GUI com Iterative Deepening URL-Based Search.,"ALVES, Everton Leandro Galdino."
4,0.9976831674575806,0.9968551627825946,14,2024,Análise comparativa entre Docker Swarm e Kubernetes em ambientes de nuvem.,"GOMES, Reinaldo Cézar de Morais."
2,0.9977554678916931,0.9969997904263437,15,2024,Sol proceedings: extensão chrome para a criação de proceedings para a sol.,"GHEYI, Rohit."
4,0.9003544449806213,0.802217960357666,16,2024,Controle de acesso utilizando SPIRE e monitoramento de um cluster Kafka no ambiente do SmartCampus na UFCG.,"BRITO, Andrey Elisio Monteiro."
1,0.8275474309921265,0.656676709651947,17,2024,Análise do desempenho de perceptrons multicamada modernos na classificação de objetos do cotidiano.,"GOMES, Herman Martins."
4,0.9976198673248291,0.9967692282516509,18,2024,Solução de IoT analytics para sensores ambientais.,"BAPTISTA, Cláudio de Souza."
2,0.6671323776245117,0.33682483434677124,19,2024,Aplicando técnicas de aprendizado de máquina na previsão em tempo real de resultados de partidas de futebol: rocket e multirocket.,"MARINHO, Leandro Balby."
2,0.459471732378006,0.16243037581443787,20,2024,Avaliação de performance de algoritmos de reconhecimento de acordes musicais.,"MARINHO, Leandro Balby."
1,0.8764942288398743,0.7548382729291916,21,2024,Avaliação de embeddings geográficos em sistemas de recomendação de POIs.,"CAMPELO, Claudio Elízio Calazans."
1,0.9972771406173706,0.9963773579220288,22,2024,Os impactos presentes e futuros do avanço da IA na medicina: uma revisão integrativa.,"ARAÚJO, Joseana Macêdo Fechine Régis de."
1,0.9977351427078247,0.996986715530511,23,2024,Busca por produtos: um estudo comparativo de abordagens léxicas e semânticas.,"BAPTISTA, Cláudio de Souza."
3,0.5796743631362915,0.16304084658622742,24,2024,Automação de testes de penetração em aplicações web em ambien-tes de integração contínua.,"ANDRADE, Wilkerson de Lucena."
2,0.6202463507652283,0.24259710311889648,25,2024,Vieses em algoritmos de reconhecimento facial: um mapeamento sistemático da literatura.,"MASSONI, Tiago Lima."
2,0.6898568868637085,0.38058730959892273,26,2024,Automação de verificações manuais em processos de KYC.,"MONTEIRO, João Arthur Brunet."
4,0.9977999329566956,0.9970136572956108,27,2024,STEQ: Sistema de Transporte Escolar de Queimadas.,"MASSONI, Tiago Lima."
4,0.9977719783782959,0.9969757068320177,28,2024,Avaliando modelos de LLM para personalização de consultas e aumento de relevância no e-commerce.,"MORAIS, Fábio Jorge Almeida."
4,0.7921246886253357,0.5860492885112762,29,2024,DoeMed: promovendo a doação inteligente de medicamentos.,"MASSONI, Tiago Lima."
1,0.9971961379051208,0.9962695883004926,30,2024,Análise de emoções e temas presentes na música popular brasileira com processamento de linguagem natural.,"OLIVEIRA, Maxwell Guimarães de."
0,0.9973088502883911,0.9964463895885274,31,2024,Eficiência na busca por regiões geográficas similares: comparando diferentes manipulações nos embeddings de POI e feições geográficas.,"CAMPELO, Claudio Elízio Calazans."
2,0.6144623160362244,0.4144590198993683,32,2024,NodeGIS3D: simplificando o desenvolvimento e exploração de aplicações web GIS em 3D.,"BAPTISTA, Cláudio de Souza."
2,0.5779761672019958,0.15754735469818115,33,2024,Terrascratch: aprendendo Terraform de maneira interativa.,"PEREIRA, Thiago Emmanuel da Cunha Silva."
4,0.7376272678375244,0.4773043990135193,34,2024,O impacto psicológico das aplicações de vídeos curtos e a sua relação com as características das aplicações: um mapeamento sistemático.,"MASSONI, Tiago Lima."
4,0.4951067268848419,0.19589656591415405,35,2024,Analisando erros cometidos por iniciantes em programação orientada a objetos no Curso de Ciência da Computação da UFCG.,"CAMPOS, Lívia Maria Rodrigues Sampaio."
1,0.5912739634513855,0.18593820929527283,36,2024,Avaliando modelos de linguagem grande na resolução de problemas de lógica da OBI.,"GHEYI, Rohit."
1,0.5427277088165283,0.08705657720565796,37,2024,Pertencimento de alunos com necessidades educacionais especiais em cursos de ciência da computação: uma revisão de literatura.,"ARAÚJO, Eliane Cristina de."
1,0.9960914850234985,0.9947999332798645,38,2024,Uma visão da trajetória de desempenho acadêmico no Curso de Ciência da Computação da UFCG sob a perspectiva de gênero.,"CAMPOS, Lívia Maria Rodrigues Sampaio."
0,0.997381329536438,0.9965421048691496,39,2024,“ZoIA”: uma ferramenta para descrição automática de imagens no navegador.,"GOMES, Herman Martins."
1,0.9954280257225037,0.9939172328449786,40,2024,Performance evaluation of Openstack Swift.,"SILVA, Thiago Emmanuel Pereira da Cunha."
2,0.7569847702980042,0.6232836693525314,41,2024,Regulação de plataformas digitais: desafios e estratégias de governança.,"GARCIA, Francilene Procópio."
1,0.6523334980010986,0.30620723962783813,42,2024,Mensuração do custo da alocação de docentes aos cursos de graduação da Universidade Federal de Campina Grande.,"BRASILEIRO, Francisco Vilar."
2,0.9976292848587036,0.9968311323900707,43,2024,Desenvolvimento de um sistema para disponibilização de dados do DATASUS: uma abordagem de acesso simplificado.,"BRUNET, João Arthur Monteiro."
4,0.9976519346237183,0.9968127611791715,44,2024,Uma análise comparativa entre Threads e Green Threads no Java.,"PEREIRA, Thiago Emmanuel."
1,0.4807046949863434,0.1494866907596588,45,2024,Sistema automático móvel para gestão de presença com reconhecimento facial.,"FECHINE, Joseana Macêdo."
1,0.9982742667198181,0.9977039871155284,46,2024,Using semantic cache to spare resources of LLM-powered features.,"BRUNET, João Arthur Monteiro."
1,0.9973536133766174,0.9964790946687572,47,2024,Avaliação de grandes modelos de linguagem para detecção de tópicos e posicionamentos em debates: um estudo de caso no contexto do Senado Federal.,"CAMPELO, Claudio Elízio Calazans."
2,0.9969426989555359,0.995913392980583,48,2024,Mosquito zero: uma plataforma web para gerenciamento das inspeções de vigilância para o controle de vetores.,"MASSONI, Tiago Lima."
3,0.4830615520477295,0.11236435174942017,49,2024,Uma abordagem para detecção e correção de vulnerabilidades em árvores de dependências de software.,"BAPTISTA, Cláudio de Souza."
0,0.9969738721847534,0.9960040693404153,50,2024,Evolução de sistema de apoio para disciplina de Laboratório de Estrutura de Dados e Algoritmos.,"FARIAS, Adalberto Cajueiro de."
4,0.9965975880622864,0.9953816276974976,51,2024,ACEV+: uma solução web eficiente para o gerenciamento e integração de uma instituição religiosa.,"FARIAS, Adalberto Cajueiro de."
4,0.8935085535049438,0.7892945259809494,52,2024,Relato de experiência: testes em sistemas distribuídos.,"MORAIS, Fábio Jorge Almeida."
4,0.9970064163208008,0.9959365548565984,53,2024,Criptografia homomórfica no aprendizado de máquina.,"PEREIRA, Eanes Torres."
2,0.9965701103210449,0.9954153544967994,54,2024,LSI analytics: simplificando o desenvolvimento de aplicações web de business intelligence.,"BAPTISTA, Cláudio de Souza."
0,0.9971923232078552,0.9962925305007957,55,2024,Uma abordagem para a descoberta automática de elementos web acionáveis para teste sistemático de GUI.,"ALVES, Everton Leandro Galdino."
0,0.48182210326194763,0.03498828411102295,56,2024,Análise do impacto da pandemia na execução curricular dos estudantes do Curso de Ciência da Computação da UFCG.,"BRASILEIRO, Francisco Vilar."
2,0.9977849125862122,0.9970391414244659,57,2024,Avaliação de ferramentas de extração de texto em documentos PDF.,"BAPTISTA, Cláudio de Souza."
1,0.6673418283462524,0.3374137282371521,58,2024,Detecção de sobrepreço e subpreço em auditoria de licitações.,"BAPTISTA, Cláudio de Souza."
2,0.9967670440673828,0.9956785985268652,59,2024,Senado aberto: dados abertos das votações nominais.,"MORAIS, Fábio Jorge Almeida."
3,0.9975853562355042,0.9968278337619267,60,2024,Desenvolvimento interativo de plugins para produção musical com testes em tempo real.,"GUERRERO, Dalton Dario Serey."
1,0.7211626172065735,0.44403010606765747,61,2024,Avaliando a capacidade de LLMS na identificação de erros de compilação em linhas de produto de software.,"GHEYI, Rohit."
1,0.9974257349967957,0.9965750674018636,62,2024,Avaliação de LLMS na resolução de questões do ENEM.,"MORAIS, Fábio Jorge Almeida."
0,0.9971923828125,0.9962925970321521,63,2024,FUBBY: um sistema informativo e interativo para o planejamento acadêmico do aluno de Ciência da Computação na UFCG.,"MASSONI, Tiago Lima."
0,0.5681406855583191,0.13880068063735962,64,2024,Reconhecimento de datas manuscritas em prescrições médicas: comparativo entre OCRs com Licença de Software Livre e uma solução comercial.,"GOMES, Herman Martins."
1,0.9943274259567261,0.9924529320560396,65,2024,Detectando fraquezas usando modelos de linguagem de grande porte: uma avaliação comparativa.,"GHEYI, Rohit."
1,0.9985184073448181,0.9980288064689375,66,2024,Uma abordagem de aprendizado de máquina comparando o desempenho preditivo e a interpretabilidade de modelos para prever o sucesso de jogadores de basquete da NCAA em alcançar a NBA.,"FECHINE, Joseana Macêdo."
0,0.9977970123291016,0.9970909988624044,67,2024,Aplicações práticas dos algoritmos de fluxo máximo.,"GHEYI, Rohit"
1,0.9973902702331543,0.9965278725721873,68,2024,Avaliando a capacidade de LLMS na resolução de questões do POSCOMP.,"GHEYI, Rohit Gheyi."
4,0.997057318687439,0.9960056511918083,69,2024,Implementação e avaliação do ARGOCD no laboratório de sistemas distribuídos da UFCG.,"SILVA, Thiago Emmanuel Pereira da Cunha."
1,0.6326562166213989,0.26718997955322266,70,2024,Desvendando a poesia com IA: influência do ajuste de hiperparâmetros no RAG para a compreensão de texto poéticos.,"MORAIS, Fábio Jorge Almeida."
3,0.6431129574775696,0.2883845567703247,71,2024,Classifying code smell reviews with semantic search.,"BRUNET, João Arthur Monteiro."
1,0.9964585304260254,0.9952882658690214,72,2024,Classificação de risco de fracasso em obras públicas paraibanas.,"BAPTISTA, Cláudio de Souza."
4,0.997327983379364,0.9963730241870508,73,2024,Controle de acesso em API do projeto SmartCampus: uma abordagem usando SPIRE em conjunto com serviços de proxy.,"BRITO, Andrey Elisio Monteiro."
2,0.6910647749900818,0.3838074505329132,74,2022,Abordagens para escrita de relatórios de bugs: um estudo qualitativo.,"MASSONI, Tiago Lima."
4,0.7158982753753662,0.43390074372291565,75,2022,Apoio caridade: uma aplicação para intermédio entre organizações de terceiro setor e pessoas prestativas.,"GARCIA, Francilene Procópio."
0,0.5838187336921692,0.31455299258232117,76,2022,Implementação e análise de um bloqueador de Anúncios e servidor DNS recursivo em uma rede Doméstica utilizando Raspberry PI.,"ARAÚJO, Eliane Cristina de."
2,0.9963473677635193,0.995117615791969,77,2022,SafeTrip: uma ferramenta para detecção e notificação de acidentes em rodovias brasileiras a partir do Twitter.,"BAPTISTA, Cláudio de Souza."
3,0.9961984753608704,0.9950058440444991,78,2022,A evasão estudantil no Curso de Ciência da Computação da UFCG.,"BRASILEIRO, Francisco Vilar."
3,0.46164190769195557,0.2327449470758438,79,2022,Colaboração de mulheres na computação: um estudo de caso no grupo elas@computação da UFCG.,"CAMPOS, Lívia Maria Rodrigues Sampaio."
1,0.4537949860095978,0.06420198082923889,80,2024,Quão eficaz é uma ferramenta de automação de análise de dados baseada em LLM? um estudo de caso com o Data Analyst do ChatGPT.,"CAMPELO, Claudio Elízio Calazans."
1,0.4523124396800995,0.06575480103492737,81,2024,ENTREVISTALAB: ferramenta para treinamento em entrevistas de processos seletivos na área de TI.,"ANDRADE, Wilkerson de Lucena."
4,0.9981502890586853,0.9974892266909592,82,2024,Distinção entre imagens sintéticas de faces e imagens de faces reais.,"PEREIRA, Eanes Torres."
2,0.9967038631439209,0.9955941363004968,83,2022,Heurística online para aquisição de instâncias em cloud pública: um olhar sobre a demanda de e-commerce.,"SILVA, Thiago Emmanuel Pereira da Cunha."
2,0.6146168112754822,0.23179760575294495,84,2024,Desafios na colaboração entre engenheiros de software e cientistas de dados em projetos de machine learning.,"RAMALHO, Franklin de Souza."
1,0.6853005290031433,0.3722568154335022,85,2022,Utilizando técnicas de aprendizagem de máquina e NLP para o problema de Product Matching.,"BAPTISTA, Cláudio de Souza."
0,0.8358775973320007,0.6737416684627533,86,2021,Construção e validação de manual para aplicação da metodologia MDV de verificação funcional.,"MELCHER, Elmar Uwe Kurt."
2,0.9980417490005493,0.997382452886086,87,2024,Utilizando extração de relação entre entidades para detecção de informações pessoais sensíveis em português.,"MORAIS, Fábio Jorge Almeida."
4,0.9966626167297363,0.9954699038062245,88,2022,A new take of Java 11 GC performance: the heapothesys case.,"SILVA, Thiago Emmanuel Pereira da Cunha."
4,0.9977431297302246,0.9969365383731201,89,2022,Eficiência energética: atuação sobre condicionador de ar em sala de servidores no Campus UFCG.,"CAMPOS, Lívia Maria Rodrigues Sampaio."
2,0.523412823677063,0.17355594038963318,90,2024,Monitoração da sanidade de web scrapers com OpenTelemetry.,"ARAÚJO, Eliane Cristina de."
0,0.9957956075668335,0.9944482176797464,91,2022,"Cidade Singular: um aplicativo de divulgação de atividades, bens e serviços culturais.","BARROS, Marcelo Alves de."
0,0.9975152611732483,0.9967189629096538,92,2024,Blockchain e possíveis aplicações.,"PEREIRA, Thiago Emmanuel da Cunha Silva."
0,0.9951685070991516,0.9936201530508697,93,2021,“Minha Graduação”: uma aplicação para melhorar o acompa-nhamento acadêmico dos alunos.,"MOURA, José Antão Beltrão."
4,0.9982073307037354,0.9975666414829902,94,2024,Adaptação operacional de uma aplicação arquitetada em microsserviços e os impactos em tempo de resposta.,"GOMES, Reinaldo Cézar de Morais."
2,0.9962666034698486,0.9950096593238413,95,2024,Centralizando informações de pessoas desaparecidas com uma aplicação web.,"GUERRERO, Dalton Dario Serey."
2,0.9975956082344055,0.9967861030600034,96,2022,Uma abordagem para suporte à análise de riscos no Mantis Bug Tracker.,"ALMEIDA, Hyggo Oliveira de."
2,0.9984104037284851,0.9978752372553572,97,2022,Análise de plataformas de apoio ao ensino à distância no ensino superior: tratamento dos dados dos usuários.,"GARCIA, Francilene Procópio."
0,0.7069312930107117,0.5367193818092346,98,2022,DBS: ferramenta para auxiliar na evolução do modelo de dados com integração contínua.,"FARIAS, Adalberto Cajueiro de."
3,0.997251033782959,0.9963886304758489,99,2022,Estudo comparativo entre ferramentas de automação para implantação de infraestrutura em TI.,"GOMES, Reinaldo Cézar de Morais."
2,0.7137517333030701,0.4298041760921478,100,2022,Desenvolvimento de novas funcionalidades e melhorias de UI/UX no Aplicativo Feridômetro.,"ALMEIDA, Hyggo Oliveira de."
1,0.9957382082939148,0.9943299051374197,101,2023,Evaluation of cache usage on ecommerce catalogs of multitenant platforms.,"BRUNET, João Arthur Monteiro."
4,0.9971990585327148,0.9961980477673933,102,2023,Monitoramento contínuo de integridade para contêineres em ambientes LINUX.,"GOMES, Reinaldo Cézar de Morais."
2,0.9963473677635193,0.995117615442723,103,2022,Um estudo sobre âncoras de carreira entre desenvolvedores de software que abandonaram a profissão.,"MASSONI, Tiago Lima."
0,0.9970651865005493,0.9961246359744109,104,2022,Programming Courses: plataforma de apoio ao ensino de programação.,"ARAÚJO, Eliane Cristina de."
1,0.8190711736679077,0.6404276043176651,105,2022,Inteligência artificial aplicada no auxílio à detecção de patologias vocais.,"ARAÚJO, Joseana Macêdo Fechine Régis de."
3,0.6750040650367737,0.35164541006088257,106,2022,A trajetória do evadido no Curso de Ciência da Computação da UFCG.,"BRASILEIRO, Francisco Vilar."
2,0.9976622462272644,0.996875180862844,107,2021,Análise comparativa entre ferramentas de CRM.,"MOURA, José Antão Beltrão."
3,0.9963385462760925,0.9951898612780496,108,2023,Voice Pathology Detector: desenvolvimento de uma aplicação móvel para detecção de patologias de voz.,"GOMES, Herman Martins."
2,0.9965701103210449,0.9954153457656503,109,2022,Levantamento sobre o uso de modelos gráficos no processo do desenvolvimento de software.,"MONTEIRO, João Arthur Brunet."
4,0.9974454045295715,0.9965324189979583,110,2023,Investigação do uso de padrões arquiteturais em projetos que utilizam React e Angular.,"BRUNET, João Arthur Monteiro."
2,0.4472882151603699,0.03590771555900574,111,2023,UFCG acessível: extensão para o Sistema Web do Controle Acadêmico da Universidade Federal de Campina Grande voltada a estudantes com deficiências visuais.,"FECHINE, Joseana Macêdo."
2,0.8003576993942261,0.6019472479820251,112,2023,Nível de acessibilidade dos sites da UFCG: recomendação de boas práticas e análise com o Google Lighthouse.,"FECHINE, Joseana Macêdo."
0,0.9964805245399475,0.9953526222379878,113,2022,Predição do preço do leite utilizando dados de cooperativas.,"PEREIRA, Eanes Torres."
1,0.6039729118347168,0.21029990911483765,114,2022,Uso de execução de código para detectar problemas de design em atividades de Programação OO.,"RÊGO, Matheus Gaudencio do."
4,0.9966626763343811,0.9954699819209054,115,2022,Mutualistically integrating service mesh with external confidential applications.,"BRITO, Andrey Elisio Monteiro."
2,0.9972865581512451,0.9963730201125145,116,2022,Aplicação de L-Diversidade na anonimização de dados públicos da campanha de vacinação contra COVID-19.,"PIRES, Carlos Eduardo Santos."
2,0.9978135824203491,0.997077469015494,117,2022,Investigando abordagens para melhorias nas Escrita de relatórios de bugs.,"RAMALHO, Franklin de Souza."
2,0.5581979155540466,0.11959943175315857,118,2022,Avistamentos de UFOS e suas possíveis origens.,"MORAIS, Fábio Jorge Almeida."
4,0.8410365581512451,0.6841775178909302,119,2021,Avaliação da técnica do Prebaking para redução do cold start em serviços FaaS para a runtime de Python.,"SILVA, Thiago Emmanuel Pereira da Cunha."
2,0.6214239597320557,0.24728772044181824,120,2023,HelpPet: aplicativo de primeiros socorros para animais de estimação.,"ANDRADE, Wilkerson de Lucena."
1,0.7259745001792908,0.454172819852829,121,2023,Efeito do estresse no desempenho acadêmico de concluintes em Ciência da Computação @ UFCG.,"MASSONI, Tiago Lima."
0,0.9974162578582764,0.9965882280375808,122,2023,PetCare: uma plataforma para o acompanhamento médico de animais domésticos.,"BRUNET, João Arthur Monteiro."
4,0.9980894327163696,0.9974066150025465,123,2023,Avaliação comparativa em termos de memória e tempo de execução do algoritmo WFC aplicado à geração de mapas de jogos.,"GOMES, Herman Martins."
1,0.9974942803382874,0.9966662486549467,124,2023,EurecaDash: um dashboard completo para gestão e acompanhamento de matrículas acadêmicas.,"BRASILEIRO, Francisco Vilar."
2,0.5115422606468201,0.026367783546447754,125,2023,ExpoMap: uma aplicação de divulgação de eventos agropecuários na Região Nordeste.,"PIRES, Carlos Eduardo Santos."
1,0.6295602917671204,0.26047441363334656,126,2023,Análise de sentimentos e emoções de tweets sobre a guerra da Ucrânia.,"CAMPELO, Claudio Elízio Calazans."
3,0.9969086050987244,0.995938774314709,127,2023,Vulnvisor: um plugin para geração de dashboards de vulnerabilidades para a ferramenta Trivy.,"BRUNET, João Arthur Monteiro."
4,0.9981502890586853,0.9974892144091427,128,2023,Avaliação das percepções das equipes de desenvolvimento de software no Brasil sobre o retorno ao trabalho presencial no pós-pandemia do COVID-19.,"ALVES, Everton Leandro Galdino."
1,0.9977620244026184,0.9970224707503803,129,2023,Análise do impacto da pandemia no desempenho e nível de aprendizado dos alunos do Curso de Ciência da Computação da UFCG.,"GOMES, Herman Martins."
3,0.5724080204963684,0.14763903617858887,130,2023,Tenho que concluir o curso: sistema de gestão de temas de TCC.,"MORAIS, Fábio Jorge Almeida."
3,0.4519519507884979,0.14309045672416687,131,2023,ViVagas UFCG: uma plataforma de gestão e centralização de projetos PD&I.,"BRUNET, João Arthur Monteiro."
0,0.9943217039108276,0.9925019595539197,132,2023,Um sistema para monitoramento da evolução de pacientes de clinicas de fisioterapia.,"PIRES, Carlos Eduardo Santos."
3,0.995406985282898,0.993966048117727,133,2023,Estado da arte sobre benchmarks para sistemas de bancos de dados NOSQL.,"PIRES, Carlos Eduardo Santos."
0,0.9973090291023254,0.9964466249221005,134,2023,Orientações para educação digital baseada em metodologias ativas com impacto no entorno de Campina Grande.,"CAMPOS, Lívia Maria Rodrigues Sampaio."
0,0.9972322583198547,0.9963452569791116,135,2023,Recomendações para compra e venda de ativos em day trading utilizando redes neurais artificiais.,"GOMES, Herman Martins."
4,0.67277991771698,0.34736397862434387,136,2023,Um estudo sobre metodologias ágeis e sua correlação com o êxito em projetos de software.,"PEREIRA, Thiago Emmanuel."
4,0.9975181221961975,0.9966311330208555,137,2023,Suporte à inclusão e à gestão empresarial: versão evolutiva de aplicação web para a CodeX Júnior.,"MOURA, José Antão Beltrão."
2,0.7993794679641724,0.6008153706789017,138,2023,Hive: uma rede interligada de contratação.,"BRUNET, João Arthur Monteiro."
4,0.9985969662666321,0.9980955311330035,139,2023,DevSpaces: ferramenta para criação de ambientes na nuvem usando instâncias preemptivas.,"BRUNET, João Arthur Monteiro."
4,0.46384376287460327,0.054845213890075684,140,2023,Busca em catálogo de produtos: uma comparação entre banco de dados relacional e motor de busca.,"BAPTISTA, Cláudio de Souza."
4,0.6527099609375,0.3064844012260437,141,2023,Aprimoramento de mecanismos de tratamento de logs não enviados em uma plataforma de comércio eletrônico.,"MASSONI, Tiago Lima."
2,0.9961823225021362,0.9948970052646473,142,2023,Termobake: aplicativo para digitalizar indicadores de temperaturas de fornos contínuos na indústria local de biscoitos.,"ANDRADE, Wilkerson de Lucena."
3,0.5867632627487183,0.17569908499717712,143,2023,Geração de clientes para comunicação assíncrona com base na especificação AsyncAPI.,"FARIAS, Adalberto Cajueiro de."
1,0.6758764982223511,0.35366809368133545,144,2023,Analisando LLMS na resolução de problemas de competições de programação: um estudo com ChatGPT e Bard.,"GHEYI, Rohit Gheyi."
2,0.7277312874794006,0.4567321240901947,145,2023,Ingestão e processamento de dados textuais do Reddit: uma solução de qualidade e disponibilidade.,"MORAIS, Fábio Jorge Almeida."
1,0.9973158240318298,0.9964288200717419,146,2023,Sem conflito no cache: observações de uma plataforma de comércio eletrônico multi-tenant.,"PEREIRA, Thiago Emmanuel."
0,0.6580950021743774,0.31783705949783325,147,2023,ChatGPT aplicado a programação: possibilidades e desafios no processo de ensino e aprendizagem no ensino superior.,"CAMPOS, Lívia Maria Rodrigues Sampaio"
4,0.5998266935348511,0.2016690969467163,148,2023,ForHealth: desenvolvimento de aplicação para o estudo e combate à propagação de doenças.,"MONTEIRO, João Arthur Brunet."
4,0.9978542923927307,0.9970874427817762,149,2023,Aperfeiçoando o reconhecimento óptico de caracteres em imagens de documentos pessoais.,"GOMES, Herman Martins."
2,0.5248847007751465,0.05093562602996826,150,2023,Análise do desempenho das equipes do NBB nas últimas três temporadas da liga.,"CAMPELO, Claudio Elízio Calazans."
0,0.9949156045913696,0.993286196840927,151,2023,Viés na IA: como o viés algoritmo influencia na perpetuação de estereótipos e desigualdades existentes.,"GARCIA, Francilene Procópio."
1,0.9960912466049194,0.9947996166301891,152,2023,Análise de emoções em transcrições de Adventure Time.,"MARINHO, Leandro Balby."
3,0.9961984157562256,0.9950057613896206,153,2023,MeuHábito: uma ferramenta para o auxílio da criação e transformação de hábitos.,"ANDRADE, Wilkerson de Lucena."
2,0.7437852025032043,0.48962801694869995,154,2023,Smart wallet: aplicativo para controle financeiro inteligente com comandos de voz.,"FECHINE, Joseana Macêdo."
0,0.6575250625610352,0.31659996509552,155,2023,O excesso de tempo frente as telas e os resultados sobre os possíveis impactos no desenvolvimento infantil.,"BARROS, Marcelo Alves de."
2,0.9953393340110779,0.9937702040188015,156,2023,Beez: aplicativo que une pessoas à formas de entretenimento.,"ALVES, Everton Leandro Galdino."
2,0.6536816358566284,0.413238063454628,157,2023,Um guia para educação em cidadania digital voltado ao ensino fundamental.,"SAMPAIO, Lívia Maria Rodrigues Sampaio."
4,0.6464095711708069,0.29499152302742004,158,2023,Poda estruturada de redes neurais profundas: um estudo sobre a utilização de métodos de explicabilidade como critério de poda.,"GOMES, Herman Martins."
4,0.9982073903083801,0.9975667248945683,159,2023,Explorando modelos preditivos para prever características e comportamentos de aplicações.,"MORAIS, Fábio Jorge Almeida."
2,0.9976621866226196,0.9968751107808203,160,2023,Avaliação da acessibilidade de aplicações web populares conforme a norma técnica NBR 17060.,"OLIVEIRA, Maxwell Guimarães de."
4,0.9974454641342163,0.9965325045050122,161,2023,POMOSYNC: uma aplicação para Pomodoro em grupo.,"ALVES, Everton Leandro Galdino."
4,0.997286319732666,0.996316481672693,162,2023,Blockchain-enabled compliance for trustworthy Kubernetes cluster scanning.,"BRITO, Andrey Elísio Monteiro."
2,0.9982452392578125,0.9976544646196999,163,2023,Estudo comparativo entre ferramentas de inicialização de projetos web.,"GUERRERO, Dalton Dario Serey."
4,0.5394571423530579,0.08138784766197205,164,2023,PlaneJáUFCG: uma ferramenta para o planejamento de matrículas.,"MASSONI, Tiago Lima."
4,0.5280899405479431,0.05730867385864258,165,2023,Better Together: aplicação web para conectar programadores.,"CAMPELO, Cláudio Elízio Calazans."
2,0.44264134764671326,0.046226710081100464,166,2023,Cidade inteligente: implementação de um sistema de software para gestão urbana.,"MONTEIRO,  João Arthur Brunet."
4,0.7680668830871582,0.5381619334220886,167,2023,Detecção automática de fake news em tweets sobre as eleições brasileiras de 2022.,"PEREIRA, Eanes Torres."
1,0.9970651268959045,0.9960952883702703,168,2023,Avaliação de grandes modelos de linguagem quantizados na resolução de questões do ENEM.,"CAMPELO, Cláudio Elízio Calazans."
1,0.9961707592010498,0.9949053865857422,169,2023,Localização de fraturas na coluna cervical em CT utilizando redes neurais convolucionais.,"GOMES, Herman Martins."
4,0.8678835034370422,0.737795040011406,170,2023,RecipeMaster: um sistema de gerenciamento de receitas para chefes de cozinha.,"CAMPELO, Claudio Elízio Calazans."
2,0.997895359992981,0.9971867734566331,171,2023,Metodologia para análise preditiva de resultados de jogos esportivos: um estudo de caso por jogos da NBA.,"GOMES, Herman Martins."
1,0.36701980233192444,0.14477726817131042,172,2023,Analisando vulnerabilidade de segurança em um projeto de software.,"ALVES, Everton Leandro Galdino."
4,0.9969543814659119,0.9958659405820072,173,2023,Uma ferramenta para otimizar a relação instrutor-aluno em academias.,"FARIAS, Adalberto Cajueiro de."
2,0.6970471143722534,0.3963567316532135,174,2023,Uma abordagem com busca semântica e modelo de linguagem para responder a perguntas do contexto @CCC.,"MARINHO, Leandro Balby."
4,0.9570234417915344,0.9162329323589802,175,2023,Escalonador oportunístico na nuvem com qualidade de serviço.,"BRITO, Andrey Elísio Monteiro."
4,0.568547785282135,0.3163468837738037,176,2023,Reformulação de interface para o projeto SAPS.,"SILVA, Thiago Emmanuel Pereira da Cunha."
3,0.9965305328369141,0.9954420843860134,177,2023,Evolução do sistema de agendamento de horários do complexo esportivo da UFCG - SAHCE - UFCG.,"LIRA, Melina Mongiovi Brito."
4,0.994036853313446,0.9919057195074856,178,2023,"Explorando técnicas de redução de dimensionalidade na análise de DNA de grupos judaicos e de outros grupos étnicos: uma comparação entre PCA, t-SNE e UMAP.","MASSONI, Tiago Lima."
4,0.9975529909133911,0.9966784628340974,179,2023,Redash: uma solução de monitoramento e análise de dados para gerenciamento de recursos em tempo real em nuvens privadas.,"SILVA, Thiago Emmanuel Pereira da Cunha."
2,0.5448204874992371,0.3449800908565521,180,2023,O crescimento do uso dos jogos digitais durante a pandemia e seus efeitos nos universitários.,"BARROS, Marcelo Alves de."
2,0.5467974543571472,0.23233473300933838,181,2023,Verificação de autoria em mensagens de texto utilizando grafos e aprendizagem de máquina.,"GOMES, Herman Martins."
1,0.6462826132774353,0.29453030228614807,182,2023,Guia para estilização de componentes reutilizáveis em aplicações angular.,"FARIAS, Adalberto Cajueiro de."
0,0.9957025051116943,0.9943252765806392,183,2023,FAVA: Aplicação de simulação e validação de autômatos finitos para auxílio de ensino e aprendizagem.,"BRITO, Andrey Elísio Monteiro."
3,0.522476315498352,0.18677803874015808,184,2023,Annotation Tool: anotações de dados por meio de áudios.,"CAMPELO, Cláudio Elízio Calazans."
3,0.6400846242904663,0.28235822916030884,185,2023,RegBot: chatbot para o regulamento de ensino de graduação da Universidade Federal de Campina Grande.,"ARAÚJO, Joseana Macêdo Fechine Régis de."
2,0.9981075525283813,0.9974704166525044,186,2023,Análise de Tweets em grandes eventos: um estudo de caso da Copa do Mundo no Twiter.,"CAMPELO, Claudio Elízio Calazans."
2,0.9940184950828552,0.9920046953484416,187,2023,Sistema para gestão de projetos urbanos.,"MASSONI, Tiago Lima."
2,0.6022195816040039,0.30871251225471497,188,2023,League of Legends: predição de resultados em tempo real.,"CAMPELO, Cláudio Elízio Calazans."
2,0.916763961315155,0.8356235474348068,189,2023,UrnaLogs: facilitando a análise de logs de urnas eletrônicas para promover transparência no processo eleitoral.,"OLIVEIRA, Maxwell Guimarães de."
0,0.8397329449653625,0.6814305633306503,190,2023,Internacionalização de websites.,"PEREIRA, Eanes Torres."
0,0.9967727661132812,0.9957385197049007,191,2023,Aplicativo gerenciador de pedidos de restaurante com conexão para impressora térmica.,"CAMPELO, Claudio Elízio Calazans."
1,0.9971961379051208,0.9962695827125572,192,2023,"Virtualização, Refatoração e Revitalização do Serviço Cursos UFCG: um relato de experiência.","MORAIS, Fábio Jorge Almeida."
4,0.9964595437049866,0.9951942473417148,193,2023,MemorizApp: um sistema de aprendizado baseado em repetição espaçada.,"MONTEIRO, João Arthur Brunet."
2,0.9978952407836914,0.9971866151317954,194,2023,Um estudo de caso de implantação de processo de qualidade no desenvolvimento de uma aplicação para dispositivos Android.,"MASSONI, Tiago Lima."
4,0.9110817313194275,0.8247470855712891,195,2023,Microsserviços e orquestração de contêineres: uma abordagem prática.,"MORAIS, Fábio Jorge Almeida."
4,0.9970067143440247,0.995936973602511,196,2023,Classificação de queixas dermatológicas usando redes neurais convolucionais.,"PEREIRA, Eanes Torres."
1,0.4851917028427124,0.17502570152282715,197,2023,Estudo de caso: uso do ChatGPT para resolução de problemas de programação.,"GHEYI, Rohit."
2,0.997694194316864,0.9969178955652751,198,2023,Um Dashboard de visualização de estatísticas para usuários do Spotify.,"MASSONI, Tiago Lima."
1,0.995832085609436,0.9944548008497804,199,2023,Vem Jogar: aplicação web para gerenciamento de grupos de práticas esportivas.,"ARAÚJO, Eliane Cristina de."
3,0.6973525285720825,0.39705783128738403,200,2023,Vitrine popular digital: o começo de uma aplicação para todos.,"ARAÚJO, Eliane Cristina de."
1,0.9975591897964478,0.9967526114778593,201,2023,Reconhecimento de instrumentos musicais utilizando machine learning: um estudo de caso.,"MARINHO, Leandro Balby."
4,0.9971991181373596,0.9961981244850904,202,2023,Avaliação de modelos de agrupamento para detecção de comportamento de aplicações em termos de demanda e uso de recursos.,"MORAIS, Fábio Jorge Almeida."
3,0.9969086647033691,0.9959388533025049,203,2023,Understanding the testing culture of machine learning projects on Github.,"ALVES, Everton Leandro Galdino."
0,0.9970652461051941,0.9961247179890051,204,2023,"Gamificação em um aplicativo de divulgação de atividades, bens e serviços culturais.","BARROS, Marcelo Alves de."
2,0.9975956082344055,0.9967861083569005,205,2023,Diversidade de gênero no planejamento de tarefas em equipes de software: um estudos e caso.,"MASSONI, Tiago Lima."
0,0.9963483810424805,0.9951781389536336,206,2023,Investigando as causas de turnover de desenvolvedores de software usando análise de dados de avaliações de funcionários.,"MASSONI, Tiago Lima."
4,0.8425858616828918,0.6882810592651367,207,2023,Análise de desempenho em um ambiente OpenStack hiperconvergente.,"SILVA, Thiago Emmanuel Pereira da Cunha."
2,0.7194913029670715,0.4422003924846649,208,2023,HelpSUS!: plataforma para auxiliar profissionais das Unidades de Pronto Atendimento a  acelerar procedimentos burocráticos dos pacientes.,"MONTEIRO, João Arthur Brunet."
2,0.9979953169822693,0.9973203941481188,209,2023,Métodos de estruturação de passos de reprodução em bug reports.,"RAMALHO, Franklin de Souza."
4,0.9969003796577454,0.9957926360657439,210,2023,Avaliação da técnica de snapshotting para mitigar os efeitos do cold start de funções Javascript executados em ambiente FaaS.,"SILVA, Thiago Emmanuel Pereira da Cunha."
3,0.5873474478721619,0.17730805277824402,211,2023,HealthCheckAPI: monitoramento de APIs gRPC.,"MONTEIRO, João Arthur Brunet."
4,0.8669053912162781,0.7355554699897766,212,2023,The correspondence between the medieval trivium and object-oriented programming.,"ARAÚJO, Eliane Cristina de."
2,0.6975367665290833,0.5192069113254547,213,2023,Sou doador: uma aplicação para melhorar o sistema de doação de sangue na Paraíba.,"MOURA, José Antão Beltrão."
1,0.9972771406173706,0.99637735565193,214,2023,Veresionamento de esquemas relacionais em ambientes multi-módulo.,"BAPTISTA, Claudio de Souza."
2,0.99741131067276,0.9965397703344934,215,2023,Análise descritiva de fatores de impactos socioeconômicos em um serviço de streaming.,"MORAIS, Fábio Jorge Almeida."
0,0.995969831943512,0.9946782803162932,216,2023,Avaliando o impacto do controle de concorrência do React 18: um estudo de caso.,"MASSONI, Tiago Lima."
2,0.9962666034698486,0.9950096594402567,217,2023,Checklife: sistema de organização de tarefas e atividades pessoais.,"ARAÚJO, Eliane Cristina de."
4,0.5538244247436523,0.10939285159111023,218,2023,Analisando o senso de pertencimento em uma equipe de Engenharia de Software: um estudo de caso.,"MASSONI, Tiago Lima."
4,0.9964595437049866,0.9951942389598116,219,2023,Um estudo comparativo entre ferramentas de monitoramento de Containers Docker.,"GOMES, Reinaldo Cezar de Morais."
4,0.8605735301971436,0.7230821251869202,220,2023,Avaliando a qualidade de suítes de teste geradas automaticamente em detectar faltas introduzidas por refatoramentos.,"LIRA, Melina Mongiovi Brito."
0,0.9970652461051941,0.9961247298051603,221,2023,Sistema mobile de agendamento de horários para uso do complexo esportivo da UFCG.,"LIRA, Melina Mongiovi Brito."
1,0.9973902106285095,0.9965277978335507,222,2023,Workload characterization of a large ecommerce platform.,"MORAIS, Fabio Jorge Almeida."
2,0.9969969391822815,0.9959858920192346,223,2023,Sistema de anotação de pedidos para serviços de alimentação.,"LIRA, Melina Mongiovi Brito."
2,0.9960939288139343,0.9947788588469848,224,2023,Análise textual de tweets referenciando nordestinos durante as eleições presidenciais brasileiras de 2022.,"PEREIRA, Eanes Torres."
0,0.9974501132965088,0.9966329374001361,225,2023,Customização do cliente http para Biblioteca Clojure cognitect.aws-api.,"MORAIS, Fábio Jorge Almeida."
0,0.9975773692131042,0.9968009743606672,226,2023,Busca escalável de região geográfica similar utilizando BM25.,"CAMPELO, Claudio Elízio Calazans."
0,0.9971088171005249,0.9961822495097294,227,2023,plpPoolWeb: um sistema para suporte à monitoria da Disciplina Paradigmas de Linguagens de Programação.,"ALVES, Everton Leandro Galdino."
4,0.9968441724777222,0.9957163383951411,228,2023,Sistema de failover automatizado com monitoramento sintético para LDAP do Laboratório de Sistemas Distribuídos da UFCG.,"SILVA, Thiago Emmanuel Pereira da Cunha."
4,0.9944189786911011,0.9924244198482484,229,2023,SEML: um processo para execução segura de aprendizagem de máquina em nuvem.,"BRITO, Andrey Elísio Monteiro."
2,0.9978688359260559,0.9971513235359453,230,2023,ConectBug: sistema para gerar e gerenciar bug report de aplicativos mobiles.,"RAMALHO, Franklin de Souza."
2,0.9972864389419556,0.9963728517177515,231,2023,Quizzify App: uma ferramenta baseada em PLN para o auxílio na memorização e assimilação de conteúdos e conceitos.,"MORAIS, Fábio Jorge Almeida."
1,0.9971960783004761,0.9962695035501383,232,2023,SAP: um sistema para otimização e automação de procedimentos do PPGCC/UFCG.,"ALVES, Everton Leandro Galdino."
2,0.9972864389419556,0.9963728557340801,233,2023,Community smells in software teams: a systematic literature mapping.,"MASSONI, Tiago Lima."
2,0.996638298034668,0.995506503037177,234,2023,Ferramenta para análise de grandes volumes de dados neurofisiológicos.,"GOMES, Herman Martins."
0,0.5862855911254883,0.17424365878105164,235,2023,Sistema de recomendação de bug reports similares utilizando o BERT.,"RAMALHO, Franklin de Souza."
0,0.9974501729011536,0.9966330111492425,236,2023,Antecedentes e consequentes em modelos de SD para gestão de projetos de software.,"MOURA, José Antão Beltrão."
0,0.997771680355072,0.9970575434272178,237,2023,CCC inteligente: uma ferramenta web que coleciona arquivos de conhecimento do CCC/UFCG através de repositórios virtuais de aprendizagem.,"SABINO, Melina Mongiovi Cunha Lima."
3,0.9951841235160828,0.9936732721980661,238,2023,Desenvolvimento de um simulador de cache para análise de políticas de gerenciamento.,"SILVA, Thiago Emmanuel Pereira da Cunha."
4,0.8616989850997925,0.7261112034320831,239,2023,Aprendizado profundo aplicado à classificação de peças de xadrez.,"GOMES, Herman Martins."
2,0.524909496307373,0.052063703536987305,240,2023,Análise de dados socioeconômicos do FIES.,"MORAIS, Fábio Jorge Almeida."
3,0.9968093037605286,0.9958082982338965,241,2023,Um estudo de caso para avaliar o impacto do uso de code review em aspectos de qualidade de um sistema real.,"ALVES, Everton Leandro Galdino."
2,0.9656657576560974,0.9335616007447243,242,2023,Um estudo comparativo de mecanismos de privacidade diferencial aplicado à resolução de entidades com garantias de privacidade.,"PIRES, Carlos Eduardo Santos."
1,0.5756205320358276,0.15384691953659058,243,2023,HoráriosUFCG: ferramenta para auxílio no planejamento de horários e escolha de disciplinas para a matrícula.,"MASSONI, Tiago Lima."
4,0.6293338537216187,0.26152321696281433,244,2023,Perfis de uso de recursos em cloud.,"MORAIS, Fábio Jorge Almeida."
2,0.6941545605659485,0.39144644141197205,245,2023,Desenvolvimento de versão web para aplicativo Feridômetro.,"CAMPOS, Lívia Maria Rodrigues Sampaio."
2,0.701113224029541,0.4049944579601288,246,2023,Segurança e privacidade em assistentes pessoais.,"MOURA, José Antão Beltrão."
0,0.7117082476615906,0.42585474252700806,247,2023,Smart Geo-comparative Maps: ferramenta para visualização e comparação de similaridades entre pontos de interesse e regiões a partir de vetores de características.,"CAMPELO, Claudio Elízio Calazans."
0,0.9925895929336548,0.9902147632092237,248,2023,RomaneioApp: um sistema para controle de pedidos no atacado.,"ANDRADE, Wilkerson de Lucena."
1,0.9961709380149841,0.9949056360637769,249,2023,Estudo e análise de técnicas para melhorar desempenho de sistemas front-end com react.,"BAPTISTA, Cláudio de Souza."
3,0.9943640828132629,0.9925959715619683,250,2023,ESCOMath: desenvolvimento de uma ferramenta para o Moodle no domínio de questões de matemática.,"OLIVEIRA, Maxwell Guimarães de."
3,0.6737504005432129,0.34968024492263794,251,2023,GESTO: uma abordagem de formação complementar e colaborativa de alunos veteranos e ingressantes para redução da evasão dos estudantes ingressantes no Curso de Computação da UFCG.,"BARROS, Marcelo Alves de."
4,0.9971991181373596,0.9961981264641508,252,2023,Aplicação de redes neurais convolucionais na detecção de assentamentos precários em João Pessoa.,"PEREIRA, Eanes Torres."
4,0.5381091237068176,0.07821023464202881,253,2023,Desenvolvimento de um website para auxiliar na busca de lar temporário para animais abandonados.,"FARIA, Roberto Medeiros de."
2,0.9974505305290222,0.9965921800467186,254,2023,Aplicações para modelos de inteligência artificial que realizam geração automática de questões a partir de textos.,"CAMPELO, Cláudio Elízio Calazans."
4,0.9953185319900513,0.9936454467242584,255,2023,COMPUTACAO@UFCG: um CRM para a Coordenação do Curso de Graduação em Ciência da Computação da UFCG.,"BRASILEIRO, Francisco Vilar."
2,0.9967670440673828,0.9956785896793008,256,2023,Desmistificando a LGPD: avanços e desafios para adequação das organizações.,"GARCIA, Franceline Procópio."
3,0.9971727728843689,0.9962858212529682,257,2023,SchemaCheck: corretor automático de esquemas SQL.,"CAMPELO, Claudio Elízio Calazans."
1,0.6739541888237,0.3498140871524811,258,2023,Atomic design no contexto de desenvolvimento: um relato de experiência.,"MONTEIRO, João Arthur Brunet."
3,0.9963387250900269,0.9951901007443666,259,2023,Clean Code e SOLID na construção da aplicação Oratio: melhorando a manutenibilidade e escalabilidade.,"MASSONI, Tiago Lima."
4,0.997327983379364,0.9963730220333673,260,2022,Avaliação de desempenho no armazenamento de dados para um sistema de processamento de imagens de satélite.,"SILVA, Thiago Emmanuel Pereira da Cunha."
0,0.9969258904457092,0.995940720429644,261,2022,Desenvolvimento de aplicação web para o projeto leitores da alegria.,"ARAÚJO, Joseana Macêdo Fechine Régis de."
3,0.9945197701454163,0.992800502339378,262,2022,Modeligado: gerando diagramas de sequência.,"RÊGO, Matheus Gaudencio do."
2,0.6911517977714539,0.384365051984787,263,2022,Hip-Hop e Rap: uma análise da evolução das composições.,"MARINHO, Leandro Balby."
2,0.7031810879707336,0.40810611844062805,264,2022,Cidadania digital na prática: um estudo sobre as principais redes sociais utilizadas por adolescentes.,"CAMPOS, Lívia Maria Rodrigues Sampaio."
3,0.9964687824249268,0.9953609600197524,265,2022,"Análise do desempenho dos alunos de Ciência da Computação, na Universidade Federal de Campina Grande, nos períodos presenciais e remotos emergenciais.","ARAÚJO, Joseana Macêdo Fechine Régis de."
3,0.997251033782959,0.9963886410114355,266,2022,Estratégia de monitoramento e análise de engajamento de estudantes em cursos de banco de dados.,"CAMPELO, Cláudio Elízio Calazans."
4,0.9974074363708496,0.9964808897348121,267,2022,Arrebol - sistema elástico de processamento em lote de aplicações single-node.,"BRASILEIRO, Francisco Vilar."
2,0.849626362323761,0.7006316483020782,268,2022,MeuTreino: aplicativo para gerenciamento de atividades físicas.,"MOURA, José Antão Beltrão."
3,0.9957960844039917,0.9944772145245224,269,2022,Entre dois mundos: Movimento Empresa Júnior e graduação em Ciência da Computação: co o o MEJ pode impactar na jornada de um discente em um curso de tecnologia?,"GARCIA, Francilene Procópio."
2,0.9976940751075745,0.9969177200691774,270,2022,Reconhecimento de eventos usando sensores móveis.,"GOMES, Herman Martins."
2,0.7550442814826965,0.5120288878679276,271,2022,Análise de acessibilidade visual na usabilidade da plataforma moodle para deficientes visuais e baixa visão.,"MASSONI, Tiago Lima."
0,0.9972323179244995,0.9963453339296393,272,2022,Análise e desenvolvimento de material didático para auxílio na formação do pensamento computacional em crianças com deficiência visual.,"ARAÚJO, Elaine Cristina de."
2,0.9975252747535706,0.9966920934384689,273,2022,Utilizando técnicas de aprendizagem de máquina e NLP para extração de informações em licitações do Diário Oficial do Estado do Acre.,"BAPTISTA, Cláudio de Souza."
3,0.997525155544281,0.9967487506801262,274,2022,MockTests: uma ferramenta para modelagem eficiente de testes envolvendo end-points de aplicações Back-end..,"FARIAS, Adalberto Cajueiro de."
1,0.9967626929283142,0.9956929341424257,275,2022,Acidentes na prática de TDD: percepções e consequências.,"MASSONI, Tiago Lima."
4,0.7220913767814636,0.4458007216453552,276,2022,Reconhecimento de Libras em frames estáticos de vídeos utilizando CNN e técnicas de pré-processamento de imagens.,"GOMES, Herman Martins."
4,0.8221315145492554,0.6460923701524734,277,2022,Express-image-server: uma biblioteca para construção de servidor de imagens com Node.js.,"MONTEIRO, João Arthur Brunet."
0,0.9950451850891113,0.9934573135105893,278,2022,Contrato inteligente de três pontas: pagamento seguro.,"MOURA, José Antão Beltrão."
2,0.886195719242096,0.7759558707475662,279,2022,Um sistema para gerenciamento de empresas juniores.,"MOURA, José Antão Beltrão."
3,0.83873051404953,0.7881368808448315,280,2022,A case study of proactive auto-scaling for an ecommerce workload.,"SILVA, Thiago Emmanuel Pereira da Cunha."
3,0.9957957863807678,0.994476824766025,281,2022,Deu Trader.,"GOMES, Herman Martins."
4,0.7691327333450317,0.5395495593547821,282,2022,EasyCondomínio: aplicação web para gerenciamento de condomínios residenciais.,"MOURA, José Antão Beltrão."
3,0.6683899760246277,0.34349143505096436,283,2022,Uma aplicação de análise de sentimentos para medir popularidade dos candidatos à presidência.,"GOMES, Herman Martins."
1,0.9977619647979736,0.9970223989803344,284,2022,"Chatbot para auxílio ao ensino da disciplina Laboratório de Organização e Arquitetura de Computadores, do Curso de Ciência da Computação, da Universidade Federal de Campina Grande.","ARAÚJO, Joseana Macêdo Fechine Régis de."
0,0.7075782418251038,0.41726478934288025,285,2022,Análise de viabilidade de uma infraestrutura baseada em blockchain para o controle acadêmico.,"GORGÔNIO, Kyller Costa."
4,0.5291006565093994,0.06034615635871887,286,2022,Compressão de arestas de grafos utilizando árvore de segmentos.,"GHEYI, Rohit."
4,0.9978275895118713,0.997051180282142,287,2022,Uma avaliação do modelo function as a service para execução de algoritmos de processamento de linguagem natural.,"SILVA, Thiago Emmanuel Pereira da Cunha."
4,0.9938256740570068,0.9916190698277205,288,2022,AcademicBlock: aplicação descentralizada de históricos acadêmicos hospedados em uma blockchain.,"GORGÔNIO, Kyller Costa."
4,0.9966628551483154,0.9954702091636136,289,2022,Aprendizagem de máquina aplicada ao controle de rebanho bovinos.,"ARAÚJO, Joseana Macêdo Fechine Régis de."
1,0.6978402137756348,0.3988180160522461,290,2022,Sei Services: uma aplicação para o gerenciamento financeiro e visualização de impostos sobre consumo.,"GARCIA, Franceline Procópio."
2,0.9972866177558899,0.9963730850140564,291,2022,"Uma análise do uso do serviço prestado dos pequenos provedores de internet no Bairro das Malvinas, em Campina Grande, no contexto da pandemia da COVID-19.","GARCIA, Francilene Procópio."
4,0.8431971073150635,0.6905329674482346,292,2022,“UFCG Pro”: evolução do sistema de controle acadêmico da UFCG.,"MONTEIRO, João Arthur Brunet."
2,0.9976293444633484,0.996831200318411,293,2022,AppCER: aplicação web para dar suporte aos profissionais do CER Campina Grande.,"ANDRADE, Wilkerson de Lucena."
1,0.9977351427078247,0.9969867127365433,294,2022,A modernização do jogo: análise e caracterização de jogadores das 5 principais ligas de futebol europeias.,"MORAIS, Fábio Jorge Almeida."
2,0.8145972490310669,0.6353386491537094,295,2022,EcoCalc: sistema de gerenciamento de despesas residenciais e pessoais.,"MOURA, José Antão Beltrão."
2,0.8869874477386475,0.7757980152964592,296,2022,Uso de processamento de linguagem natural e aprendizagem de máquina para a extração de informação em editais de licitações não-estruturados.,"BAPTISTA, Cláudio de Souza."
3,0.9957959651947021,0.994477057363838,297,2022,Investigando mudanças em relatórios de bugs do Bugzilla.,"RAMALHO, Franklin de Souza."
2,0.9945930242538452,0.9927726652240381,298,2022,Analisando estratégias de navegação em websites de ecommerce.,"REGO, Matheus Gaudêncio de."
2,0.997841477394104,0.9971147595206276,299,2022,Investigando bugs reabertos: um estudo de caso no Bugzilla.,"RAMALHO, Franklin de Souza."
2,0.9973295331001282,0.9964304483728483,300,2022,Crimes cibernéticos e segurança digital.,"BARROS, Marcelo Alves de."
2,0.6710371971130371,0.3452536463737488,301,2022,Agile Ateasy Software: um sistema para guiar o uso de testes exploratórios no contexto de metodologias ágeis.,"ANDRADE, Wilkerson de Lucena."
3,0.609964907169342,0.2254524827003479,302,2022,Comparação entre modelos com diferentes abordagens para classificação de sotaques brasileiros.,"CAMPELO, Claudio Elízio Calazans."
4,0.9974823594093323,0.9965825828840025,303,2022,Desagregação distribuída: evolução arquitetural do desagregador NIALM da LiteMe.,"BRITO, Andrey Elísio Monteiro."
1,0.6727087497711182,0.34762293100357056,304,2022,Identificação automática de tweets homofóbicos em português.,"CAMPELO, Cláudio Elízio Calazans."
2,0.6251031756401062,0.2520563006401062,305,2022,BooKollection.,"MONTEIRO, João Arthur Brunet."
2,0.9968276023864746,0.9957595313899219,306,2022,Node-Red: low-code para resolver problemas de sistemas orientados a eventos.,"BRITO, Andrey Elísio Monteiro."
2,0.7023143172264099,0.4061257243156433,307,2022,Desafios da inclusão digital de micro e pequenas empresas.,"PROCÓPIO, Francilene García."
2,0.5060407519340515,0.015260934829711914,308,2022,Uma interface web para um contrato inteligente.,"MOURA, José Antão Beltrão."
2,0.9972422122955322,0.996313729963731,309,2022,Análise do comportamento do indicador de volume de vendas com variação no tempo.,"SABINO, Melina Mongiovi Cunha Lima."
3,0.9973251223564148,0.9964859689353034,310,2022,Investigações do uso de deepfake audio com uma técnica de aumento de dados utilizados no treinamento de transcritores automáticos.,"CAMPELO, Cláudio Elízio Calazans."
4,0.9868261218070984,0.9821180030703545,311,2021,Segurança residencial não dissuasiva.,"ARAÚJO, Joseana Macêdo Fechine Régis de."
2,0.49514591693878174,0.10860422253608704,312,2021,NodeGIS: simplificando o desenvolvimento de aplicações web de geoprocessamento.,"BAPTISTA, Cláudio de Souza."
2,0.9960938692092896,0.9947787817800418,313,2021,Sistema de Gestão do Comitê Sanitário de Defesa Popular de Campina Grande.,"MASSONI, Tiago Lima."
1,0.5566343665122986,0.11536431312561035,314,2021,Escala Vest: informatização de uma escala para avaliação de vazio existencial e sentido da vida.,"ANDRADE, Wilkerson de Lucena."
0,0.45293542742729187,0.08093330264091492,315,2021,The code: utilizando lógica de programação para desenvolver um jogo de raciocínio lógico.,"BARROS, Marcelo Alves de."
2,0.9972866177558899,0.9963730843737721,316,2021,Monitora Santa Cruz: uma ferramenta web para auxiliar o cidadão no monitoramento dos gastos da Prefeitura de Santa Cruz do Capibaribe.,"GOMES, Herman Martins."
2,0.997841477394104,0.9971147608594038,317,2021,Preferências de áreas no contexto do desenvolvimento de software: um estudo exploratório.,"MASSONI, Tiago Lima."
0,0.9937760829925537,0.991781483637169,318,2021,Comparação entre modelos com diferentes abordagens para classificação de fake news.,"BAPTISTA, Cláudio de Souza."
1,0.8097463846206665,0.6248268783092499,319,2021,Avaliação de desempenho de bancos de dados para armazenamento de séries temporais.,"BRITO, Andrey Elísio Monteiro."
2,0.9965699315071106,0.9954151066485792,320,2021,Rumo ao estrelato: uma análise com estatísticas de jogadores recém ingressados na NBA.,"ANDRADE, Nazareno Ferreira de."
3,0.9966477751731873,0.9955961017403752,321,2021,Caracterização de componentes outliers em sistemas front-end react: um estudo a partir de métricas de Engenharia de Software.,"RÊGO, Matheus Gaudencio do."
4,0.9979057908058167,0.9971573342918418,322,2021,A utilização do scrum em projetos de pesquisa e desenvolvimento: uma análise sobre a adequação na implementação.,"SABINO, Melina Mongiovi Cunha Lima."
0,0.9965431690216064,0.9954353414941579,323,2021,Um estudo comparativo entre Pull Requests com e sem refatoramentos através da análise de revisões de códigos.,"MASSONI, Tiago Lima."
4,0.8005436658859253,0.6028312742710114,324,2021,Análise de desempenho da Api io_uring em uma aplicação de uso intenso de dados.,"SILVA, Thiago Emmanuel Pereira da Cunha."
2,0.9968862533569336,0.9958379287272692,325,2021,Gamificação em um aplicativo de finanças pessoais para aumentar a retenção na primeira semana de uso.,"SABINO, Melina Mongiovi Cunha Lima."
2,0.9980417490005493,0.997382448927965,326,2021,Estudo comparativo entre frameworks fronted para a criação de um progressive web app (PWA).,"ALVES, Everton Leandro Galdino."
2,0.9949185252189636,0.9932077301200479,327,2021,"Backstage: organize seu evento de forma leve e intuitiva, sem impedimentos e preocupações desnecessárias.","ARAÚJO, Eliane Cristina de."
2,0.6272351741790771,0.25760751962661743,328,2021,Uso de Automated Machine Learning (Auto ML) em Sistemas de Recomendação.,"CAMPELO, Claudio Elízio Calazans."
2,0.9982451796531677,0.9976543838856742,329,2021,Padrões na preferência musical dos(as) brasileiros(as) sob a ótica do Spotify.,"ANDRADE, Nazareno Ferreira de."
2,0.7773773670196533,0.5561564862728119,330,2021,Utilizando Protocol Buffers para facilitar a colaboração no projeto DadosJusBR.,"ANDRADE, Nazareno Ferreira de."
0,0.6566437482833862,0.315679132938385,331,2021,Bem-estar digital: análise de aplicativos que monitoram hábitos digitais.,"SABINO, Melina Mongiovi Cunha Lima."
3,0.9963385462760925,0.9951898667495698,332,2021,Scalable Web-Based FPGA Board simulator.,"MELCHER, Elmar Uwe Kurt."
1,0.9951949119567871,0.9936070782132447,333,2021,Leia rapidinho: uma aplicação para exercitar a leitura de palavras da língua portuguesa.,"MOURA, José Antão Beltrão."
2,0.9971489310264587,0.9961890554404818,334,2021,Cuidar: sistema para auxílio no tratamento de crianças com microcefalia em ambiente domiciliar.,"ANDRADE , Wilkerson de Lucena."
4,0.5546233654022217,0.11048811674118042,335,2021,A study of confidential computing as a way to prevent sensitive information exposure on information systems.,"BRITO, Andrey Elisio Monteiro."
2,0.49747833609580994,0.12264803051948547,336,2021,Revisão sistemática da literatura: os desafios encontrados na migração de uma arquitetura monolítica para uma orientada a microsserviços.,"MONTEIRO, João Arthur Brunet."
4,0.8017167448997498,0.6065666228532791,337,2021,Requirements specification for developers in agile projects: evaluation by one industrial case.,"MASSONI, Tiago Lima."
4,0.5467214584350586,0.09513416886329651,338,2021,Um estudo do impacto da aplicação das melhores práticas de configuração em sistemas baseados em kubernetes usando kube-bench.,"GOMES, Reinaldo Cézar de Morais."
0,0.9960517883300781,0.9947864880086854,339,2021,Um estudo qualitativo sobre o impacto de revisões de código em refatoramentos no contexto de pull requests.,"ALVES, Everton Leandro Galdino."
4,0.9963861107826233,0.9950945609016344,340,2021,Desenvolvimento de um serviço de apoio à gerência de recursos da nuvem do LSD.,"SILVA, Thiago Emmanuel Pereira da Cunha."
4,0.6224622130393982,0.24682852625846863,341,2021,Adaptação do uso do CRM para projetos de software utilizando métodos ágeis.,"CAMPELO, Cláudio Elízio Calazans."
4,0.7370259165763855,0.47664278745651245,342,2021,Análise de correlação entre comentários e curtidas/descurtidas de vídeos do youtube por meio de análise de sentimentos.,"PEREIRA, Eanes Torres."
1,0.9982085824012756,0.9976166044361889,343,2020,Introdução à Ciência da Computação: um estudo misto sobre a metodologia de ensino aplicada em cursos da UFCG.,"MASSONI, Tiago Lima."
1,0.6853668689727783,0.3743268847465515,344,2020,MobUFCG: aplicativo smart campus para localização e sugestões.,"GARCIA,  Francilene Procópio."
1,0.9956395626068115,0.9941986721241847,345,2020,Um estudo sobre a influência do assistente de ensino no feedback provido aos alunos em uma disciplina de programação orientada a objetos.,"CAMPOS,  Lívia Maria Sampaio."
3,0.8387305736541748,0.7881369441747665,346,2020,Using a thesaurus in traceability recovery between bug reports and test cases.,"RAMALHO, Franklin de Souza."
4,0.5045326352119446,0.012258678674697876,347,2020,Sistema para monitoramento do nível de água em recipientes de animais domésticos.,"ARAÚJO, Joseana Macêdo Fechine Régis de."
2,0.9965701103210449,0.9954153461148962,348,2020,Análise comparativa de ferramentas de perfilhamento de dados.,"PIRES, Carlos Eduardo Santos."
3,0.83873051404953,0.7881368808448315,349,2020,Performance analysis between Apache Kafka and RabbitMQ.,"SILVA, Thiago Emmanuel Pereira da Cunha."
3,0.83873051404953,0.7881368808448315,350,2020,A resilient and cloud-based batch processing system for high performance computing.,"BRASILEIRO, Francisco Vilar."
4,0.9971991777420044,0.996198206092231,351,2020,Natural language processing techniques for session-based recommendation.,"MARINHO, Leandro Balby."
3,0.83873051404953,0.7881368808448315,352,2020,Evaluating Karate-do movements using Kinect V2 camera and tools.,"GOMES, Herman Martins."
0,0.9973090291023254,0.9964466274250299,353,2020,"Estudo comparativo de ferramentas de apoio a compiladores: JFlex, XText e CUP.","RAMALHO, Franklin de Souza."
4,0.5590335726737976,0.12034234404563904,354,2020,Métodos de análise de dados no transporte público urbano.,"CAMPELO, Claudio Elízio Calazans."
3,0.8387305736541748,0.7881369441747665,355,2020,Evolucionary procedural content generation for a endless platform game.,"GOMES, Herman Martins."
3,0.9964688420295715,0.9953610310330987,356,2020,Um relato de experiência sobre a inserção de práticas de qualidade de software no ambiente de desenvolvimento da startup proj4me.,"ANDRADE, Wilkerson de Lucena."
3,0.83873051404953,0.7881368808448315,357,2020,Implementação do garbage collector control interceptor para .net core common language runtime,"SILVA, Thiago Emmanuel Pereira da Cunha."
3,0.8387305736541748,0.7881369441747665,358,2020,Proposal of a low­cost device to support remote  diabetic retinopathy detecting based on fundus images.,"GOMES, Herman Martins."
2,0.6694488525390625,0.34143000841140747,359,2020,Seu modelo está em perigo? Um estudo de caso sobre replicação de modelos usando destilação de conhecimento com dados fora do escopo,"Marinho, Leandro Balby"
4,0.9973682761192322,0.9964277288527228,360,2020,Superresolução em sistemas de videovigilância: um estudo comparativo.,"GOMES, Herman Martins."
2,0.9971964955329895,0.9962526205345057,361,2020,Automação para o projeto Laserterapia da Universidade Federal de Campina Grande.,"MASSONI, Tiago Lima."
4,0.9956672191619873,0.994118768023327,362,2020,Uma alternativa para gerar planos semafóricos equilibrados e fluidos utilizando algoritmos genéricos.,"ARAÚJO, Joseana Macêdo Fechine Régis de."
3,0.83873051404953,0.7881368808448315,363,2020,Most higher mutants are useless for method-level mutation operators using weak mutation.,"GHEYI, Rohit."
3,0.8387305736541748,0.7881369441747665,364,2020,Challenges in the use of Scrum in Global Software Engineering and how to face them.,"MOURA, José Antão Beltrão."
2,0.5329330563545227,0.27500012516975403,365,2020,Análise descritiva da eficiência do sistema de integração temporal no transporte público de Campina Grande – PB: um estudo de caso na Linha 944.,"PIRES, Carlos Eduardo Santos."
3,0.8387305736541748,0.7881369441747665,366,2020,Consumerhub: a product’s review platform.,"ARAÚJO, Eliane Cristina de."
4,0.9967254400253296,0.995555161498487,367,2020,Análise do perfil dos alunos que buscam o pré-vestibular solidário da Universidade Federal de Campina Grande.,"CAMPOS, Lívia Maria Sampaio."
3,0.83873051404953,0.7881368808448315,368,2020,Optimizing aho­corasick for word counting.,"GHEYI, Rohit."
3,0.8387305736541748,0.7881369441747665,369,2020,A survey on developer’s intention upon refactoring:  Assessing refactoringminer’s efficacy.,"GHEYI , Rohit."
1,0.9962471127510071,0.9950069801416248,370,2020,Um estudo de caso sobre motivações para baixa  participação de mulheres em olimpíadas de informática,"CAMPOS, Lívia Maria Rodrigues Sampaio."
2,0.9980862140655518,0.9974418972269632,371,2020,Aplicando algoritmos de learning to rank sobre features no github para recomendação de projetos.,"RAMALHO, Franklin de Souza."
2,0.9982268214225769,0.997629844059702,372,2020,Análise de dados de remunerações do sistema judiciário brasileiro.,"MORAIS, Fábio Jorge Almeida."
1,0.9933225512504578,0.9911160138435662,373,2021,Analyzing stock funds metrics by means of causal relationships with their management skills.,"GOMES, Herman Martins."
4,0.6306897401809692,0.26356539130210876,374,2021,Ataux: uma ferramenta para auxiliar o acompanhamento de submissões de questões de programação.,"MONGIOVI, Melina."
4,0.9970065951347351,0.9959367950214073,375,2021,Um estudo sobre dificuldades e potencial de gamificação para tratar dificuldades com metodologias ágeis em ambiente comercial de desenvolvimento de software.,"MOURA, José Antão Beltrão."
4,0.9152089953422546,0.8317322731018066,376,2021,Inhaí: aplicativo para mapear locais LGBTI+ friendly de forma colaborativa.,"MONTEIRO, João Arthur Brunet."
4,0.996900200843811,0.9957923877518624,377,2021,Adoçãopet CG: um aplicativo para simplificar o processo de adoção de animais em CG.,"MOURA, José Antão Beltrão."
4,0.9415425658226013,0.8850435987114906,378,2021,Avaliação de desempenho de métodos de snapshot para aquecer o cold-start de funções como serviço.,"SILVA, Emmanuel Pereira da Cunha."
0,0.9964157342910767,0.9952670776983723,379,2021,Andromedev: uma análise sobre a experiência em desenvolvimento de código aberto na UFCG.,"CAMPOS, Lívia Maria Rodrigues Sampaio."
2,0.9960940480232239,0.994779008324258,380,2021,Análise de léxico argumentativo como recurso para mineração textual.,"CAMPELO, Cláudio Elízio Calazans."
1,0.9972772002220154,0.996377433417365,381,2021,Aperfeiçoando o processo de classificação automática de questões de matemática quanto às competências do pensamento computacional.,"CAMPELO, Cláudio Elízio Calazans."
4,0.7774144411087036,0.5573491007089615,382,2021,Analisando suítes de teste manuais e automáticas para identificar faltas de refatoramento.,"ALVES, Everton Leandro Galdino."
0,0.9953972101211548,0.9939221488311887,383,2021,Violência contra a mulher: análise comparativa de dados públicos antes e durante a pandemia de Covid-19.,"MORAES, Fábio Jorge Almeida."
2,0.9967669248580933,0.995678439619951,384,2021,Uso de business intelligence para avaliação de indicadores de desempenho na educação básica: um estudo de caso no Estado do Acre.,"BAPTISTA, Cláudio de Souza."
4,0.9972434043884277,0.9962582481093705,385,2021,Classificação automática de questões conforme a Taxonomia de Bloom.,"PIRES , Carlos Eduardo Santos."
0,0.5436855554580688,0.09005558490753174,386,2021,Gaja: responsabilidade social é o que se espera de todos.,"PIRES, Carlos Eduardo Santos."
1,0.8195716142654419,0.6441454589366913,387,2021,Pygrid: uma plataforma descentralizada para computação confidencial e aprendizagem de máquina federada.,"MARINHO, Leandro Balby."
2,0.5881507992744446,0.17867282032966614,388,2021,TDD: um estudo de caso sobre sua utilização nos projetos de desenvolvimento de software.,"SABINO, Melina Mongiovi Cunha Lima."
2,0.9968864321708679,0.9958381725009531,389,2021,Lei geral de proteção de dados: uma análise sobre os direitos dos titulares e os deveres das organizações perante a lei.,"NICOLLETTI, Pedro Sergio."
4,0.9977719783782959,0.9969756946666166,390,2021,Aprendizagem de máquina aplicada ao monitoramento da presença de animais em reservas naturais de ambientes industriais.,"ARAÚJO, Joseana Macêdo Fechine Régis de."
2,0.3966297209262848,0.017681986093521118,391,2021,Shape-sorter: uma ferramenta de linha de comando para automação de criação e manutenção de micro frontends.,"MONTEIRO, João Arthur Brunet."
3,0.9949387907981873,0.9933509653201327,392,2021,Uma análise sobre o acoplamento em atividades dos alunos da disciplina de programação OO,"REGO , Matheus Gaudêncio do."
1,0.9963202476501465,0.9951042851898819,393,2021,Anima: uma técnica para criar animações a partir de imagens estáticas em jogos.,"BARROS, Marcelo Alves de."
3,0.7446900010108948,0.49239271879196167,394,2021,Hall das placas virtual: uma alternativa para placas de formaturas físicas.,"CAMPOS, Lívia Maria Rodrigues Sampaio."
2,0.9949185252189636,0.993207725463435,395,2021,Um estudo qualitativo sobre propriedades de liderança e seus efeitos em desenvolvedores de software.,"MASSONI, Tiago Lima."
0,0.9972711801528931,0.996396656264551,396,2021,"Controle de acesso a ambiente restrito, a partir da identidade vocal, utilizando coeficientes MFCC e classificador K-means.","ARAÚJO, Joseana Macêdo Fechine Régis de."
4,0.995052695274353,0.9932846085866913,397,2021,Car security: plataforma web para monitoramento de placas veiculares.,"MARINHO, Leandro Balby."
4,0.9950522780418396,0.9932840381516144,398,2021,Sistema para itens achados e perdidos usando ferramenta de comparação de texto – me acher.,"RÊGO, Matheus Gaudencio do."
0,0.9941508173942566,0.9922763261711225,399,2021,Meu MicroEmpreendimento: sistema de gestão de fluxo de caixa.,"GUERRERO, Dalton Dario Serey."
2,0.6451430320739746,0.2929157316684723,400,2021,Reconhecimento automático de temas abordados e desvios temáticos em comissões da Câmara dos Deputados.,"ANDRADE, Nazareno Ferreira de."
4,0.7984293103218079,0.5987497121095657,401,2021,Sistema de hardware e software para monitoramento estrutural de edificações.,"ARAÚJO, Joseana Macêdo Fechine Régis de."
1,0.5251792073249817,0.05314898490905762,402,2021,Mineração de poemas através de técnicas de processamento de linguagem natural.,"CAMPOS, Lívia Maria Rodrigues Sampaio."
2,0.5170594453811646,0.03660023212432861,403,2021,Fracasso em projeto de software: um estudo de caso com um projeto de sistema WEB.,"MASSONI, Tiago Lima."
2,0.9940187335014343,0.9920050220098346,404,2021,Reconhecimento de mensagens com teor transfóbico no twitter.,"MONTEIRO, João Arthur Brunet."
2,0.8450793623924255,0.6918144226074219,405,2021,Geração de eventos dinâmicos para jogos digitais: uma abordagem sistêmica.,"GOMES, Herman Martins."
4,0.9974822998046875,0.9965824903920293,406,2021,Análise de sentimentos em repositórios do GitHub.,"PEREIRA, Eanes Torres."
4,0.9953180551528931,0.993644816800952,407,2021,Feridômetro: aplicativo de auxílio à aprendizagem do acrônimo timers.,"ALMEIDA, Hyggo Oliveira de."
2,0.9967039823532104,0.9955943021923304,408,2021,Atuação e influência dos parlamentares brasileiros no Twitter: um estudo de caso com tweets.,"MORAIS, Fábio Jorge Almeida."
2,0.5480538010597229,0.09976744651794434,409,2021,Uma aplicação web para organizar programas de pesquisa em engenharia de software seguindo modelo ABC.,"MASSONI, Tiago Lima."
3,0.9971727728843689,0.9962858188664541,410,2021,Reviewbin: uma ferramenta de fácil uso para revisão de código.,"RÊGO, Matheus Gaudencio do."
2,0.9970999956130981,0.996123636898119,411,2021,Ferramenta para visualização das dependências entre objetos em um banco de dados e simulação de alterações nos objetos.,"PIRES, Carlos Eduardo Santos."
2,0.9940189123153687,0.9920052604284137,412,2021,LexFirma: sistema de gestão de contratos advocatícios.,"ALMEIDA, Hyggo Oliveira de."
3,0.5388088226318359,0.07993212342262268,413,2021,Automação de testes em aplicações web utilizando uma abordagem ad-hoc.,"BAPTISTA, Cláudio de Souza."
0,0.9964805841445923,0.9953527068719268,414,2021,Novas revelações da survey sobre dificuldades com desenvolvimento ágile gamificação-reanálise dos dados,"MOURA, José Antão Beltrão."
2,0.9973294138908386,0.9964302887674421,415,2021,Expandindo o smartcampus: um guia baseado em storybook para desenvolvedores.,"BRITO, Andrey Elísio Monteiro."
1,0.9977619647979736,0.9970223983982578,416,2021,Docs-checker: uma ferramenta de análise de documentações escritas a partir de geradores de sites estáticos em Markdown,"RÊGO, Matheus Gaudêncio do."
4,0.9949078559875488,0.9930880054598674,417,2021,"Como me senti durante a pandemia? Visualização de dados sobre os impactos da pandemia no estilo de vida, sentimentos e hábitos.","ANDRADE, Nazareno Ferreira de."
1,0.9970186352729797,0.9960334511706606,418,2021,Contest advisor: a tool to help with the creation of programming contests.,"GHEYI, Rohit ."
4,0.9969543814659119,0.9958659269614145,419,2021,Validation of a simulation model for FasS performance benchamarking using predictive validation.,"SILVA, Thiago Emmanuel Pereira da Cunha."
4,0.7244924902915955,0.4509730041027069,420,2021,Sobre oportunidades de redução de custo para o serviço AWS S3 através de alocações personalizadas.,"SILVA, Thiago Emmanuel Pereira da Cunha."
2,0.9981076121330261,0.9974705021013506,421,2021,Recomendação de projetos do Github por meio de Algoritmos de Learning to Rank,"RAMALHO, Franklin de Souza."
3,0.8387305736541748,0.7881369516253471,422,2021,AutoFormValidation: validação dinâmica baseada nos metadados do banco de dados da aplicação.,"OLIVEIRA, Maxwell Guimarães de."
